<!DOCTYPE hibernate-configuration PUBLIC "-//Hibernate/Hibernate Configuration DTD 3.0//EN"
        "http://hibernate.sourceforge.net/hibernate-configuration-3.0.dtd">
<hibernate-configuration>
  <session-factory>
    <property name="hibernate.connection.driver_class">com.mysql.cj.jdbc.Driver</property>
    <property name="hibernate.connection.url">jdbc:mysql://localhost:3306/zoo_database</property>
    <property name="hibernate.connection.username">root</property>
    <property name="hibernate.connection.password">12345</property>
    <property name="hibernate.c3p0.min_size">5</property>
    <property name="hibernate.c3p0.max_size">20</property>
    <property name="hibernate.dialect">org.hibernate.dialect.MySQL8Dialect</property>
    <property name="hibernate.show_sql">true</property>
    <property name="hibernate.hbm2ddl.auto">create</property>
    <property name="hibernate.hbm2ddl.import_files">import.sql</property>
    <mapping class="Animal"/>
  </session-factory>
</hibernate-configuration>
